{"mean_all_episodes": 839.9333333333107, "episode_rewards": [800.1999999999751, 856.0999999999779, 863.4999999999791], "std_all_episodes": 28.257663660600933, "number_episodes": 3}