{"number_episodes": 13, "std_all_episodes": 67.44455097058345, "episode_rewards": [905.4999999999943, 673.9999999999359, 826.2999999999661, 846.5999999999718, 905.6999999999866, 892.7999999999919, 814.1999999999642, 903.099999999986, 894.1999999999891, 894.0999999999835, 766.5999999999493, 908.6999999999927, 815.7999999999626], "mean_all_episodes": 849.8153846153596}