{"std_all_episodes": 34.4469882573257, "episode_rewards": [827.6999999999773, 909.499999999992, 906.9999999999922, 904.9999999999801], "mean_all_episodes": 887.2999999999854, "number_episodes": 4}