{"std_all_episodes": 38.89134436693166, "episode_rewards": [827.6999999999773, 909.499999999992, 906.9999999999922, 904.9999999999801, 896.39999999998, 817.5999999999647], "mean_all_episodes": 877.1999999999811, "number_episodes": 6}