{"episode_rewards": [-79.4814432989689, -85.06240601503701, -90.39126213592147, -90.72499999999911, -90.95365853658447, -91.09099099099008, -90.19900990098924, -90.35974025973938, -89.75517241379227, -76.10000000000016], "mean": -87.4118683552022, "std": 5.140554550562333}