{"std": 5.308802853600352, "mean": -28.568969275641425, "episode_rewards": [-34.47500000000036, -21.60170648464182, -29.630201342282103]}