{"episode_rewards": [-61.761341853035745, -59.422033898305806, -60.531654676259706], "std": 0.9554376850810439, "mean": -60.57167680920042}