{"episode_rewards": [883.6999999999797, 891.9999999999881, 892.0999999999793, 896.5999999999798], "std_all_episodes": 4.6588625221188735, "mean_all_episodes": 891.0999999999817, "number_episodes": 4}