{"mean_all_episodes": 853.066666666646, "episode_rewards": [800.1999999999751, 856.0999999999779, 863.4999999999791, 871.0999999999822, 883.199999999987, 844.2999999999746], "std_all_episodes": 26.52989927526553, "number_episodes": 6}