{"episode_rewards": [-92.95714285714185, -93.2972789115636, -93.49933993399236], "mean": -93.25125390089927, "std": 0.2237307067902526}