{"std": 0.0, "mean": -70.02481203007497, "episode_rewards": [-70.02481203007497]}