{"std": 0.10802246867348231, "mean": -81.12405300302426, "episode_rewards": [-81.01603053435078, -81.23207547169774]}