{"std": 0.0, "mean": -57.155214723926804, "episode_rewards": [-57.155214723926804]}