{"episode_rewards": [-56.24035087719376, -42.62873563218424], "std": 6.805807622504762, "mean": -49.434543254689004}