{"episode_rewards": [-67.84193548387152, -58.57750865051976, -67.0669669669674], "std": 4.196573777889434, "mean": -64.49547036711955}