{"episode_rewards": [-70.78403908794819, -64.73022508038645, -44.92758620689725, -35.35179856115176, -46.80846394984402, -63.99891696750969, -43.43333333333404, -45.86271186440724, -45.86271186440744, -41.9960244648325, -65.61724137931098, -50.392397660819505, -37.8289377289383, -49.07959183673534, -26.8399267399267], "mean": -48.900927115096614, "std": 11.966991564797086}