{"number_episodes": 2, "std_all_episodes": 115.75000000002922, "episode_rewards": [905.4999999999943, 673.9999999999359], "mean_all_episodes": 789.7499999999651}