{"std_all_episodes": 69.89081551786562, "episode_rewards": [827.6999999999773, 909.499999999992, 906.9999999999922, 904.9999999999801, 896.39999999998, 817.5999999999647, 694.0999999999364, 812.9999999999599], "mean_all_episodes": 846.2874999999729, "number_episodes": 8}