{"mean": -45.39200046441498, "episode_rewards": [-40.84074074074142, -49.94326018808853], "std": 4.551259723673557}