{"mean": -92.7470588235284, "episode_rewards": [-92.7470588235284], "std": 0.0}