{"number_episodes": 10, "std_all_episodes": 68.734492796574, "episode_rewards": [905.4999999999943, 673.9999999999359, 826.2999999999661, 846.5999999999718, 905.6999999999866, 892.7999999999919, 814.1999999999642, 903.099999999986, 894.1999999999891, 894.0999999999835], "mean_all_episodes": 855.6499999999769}