{"number_episodes": 6, "std_all_episodes": 80.78988007309701, "episode_rewards": [905.4999999999943, 673.9999999999359, 826.2999999999661, 846.5999999999718, 905.6999999999866, 892.7999999999919], "mean_all_episodes": 841.8166666666411}