{"std": 16.16161616161571, "episode_rewards": [-45.554545454546144, -77.87777777777757], "mean": -61.716161616161855}