{"std": 499.20101505925584, "mean": 1053.6255300351877, "episode_rewards": [642.2603174603141, 754.8441640378485, 1428.6431372548777, 228.63283582089656, 1748.8109589040819, 693.4569536423783, 1176.7999999999847, 1075.938461538454, 620.6092715231787, 1660.5508196721025, 1763.9661971830728, 1713.1188811188485, 682.5481481481443, 436.301886792455, 1177.900917431179]}